"id";"title";"year";"duration";"genres";"rating";"votes";"DirectedBy";"Cast";"Writing";"ProducedBy";"MusicBy";"CinematographyBy";"production_countries";"language";"color";"keywords"
"tt0219574";"Can Can";"1898";NA;"NA";"5.2";"14";"";"Mlle. Fraidora";"";"Siegmund Lubin";"";"";"USA";NA;" Black and White";"dancer,dancing,dance,cancan dance,repetition in title"
"tt0221654";"Torpedo Boat, 'Dupont'";"1898";NA;"NA";"3.3";"15";"";"";"";"";"";"Frederick S. Armitage";"USA";NA;" Black and White";NA
"tt0229764";"The Telephone";"1898";NA;"NA";"3.2";"12";"";"";"";"";"";"";"USA";NA;" Black and White";NA
"tt0221384";"Masked Procession";"1898";NA;"NA";"3.0";"13";"James H. White";"";"";"";"";"W. Bleckyrden";"USA";NA;" Black and White";NA
"tt0229265";"Bombardment of Matanzas";"1898";NA;"NA";"2.9";"8";"Edward Amet";"";"";"";"";"";"USA";NA;" Black and White";NA
"tt0274162";"The Three Macs";"1898";NA;"NA";"3.0";"6";"";"";"";"";"";"";"UK";NA;" Black and White";NA
"tt0229690";"S.S. 'Coptic'";"1898";NA;"NA";"3.4";"21";"";"";"";"";"";"W. Bleckyrden,James H. White";"USA";NA;" Black and White";NA
"tt0317654";"The Highland Fling";"1898";NA;"NA";"3.1";"7";"";"";"";"";"";"";"UK";NA;" Black and White";NA
"tt0229390";"First Regiment Marching";"1898";NA;"NA";"3.6";"10";"";"";"";"";"";"";"USA";NA;" Black and White";NA
"tt0138538";"Josephina Ruiz";"1898";NA;"NA";"3.0";"6";"";"";"";"";"";"";"Portugal";NA;" Black and White";NA
"tt0237861";"Tub Race";"1898";NA;"NA";"3.2";"10";"";"";"";"";"";"";"USA";NA;" Black and White";NA
"tt0229389";"Firing Broadside at Cabanas";"1898";NA;"NA";"4.1";"8";"";"";"";"";"";"";"USA";NA;" Black and White";NA
"tt0229287";"Cake Walk";"1898";NA;"NA";"3.7";"29";"";"";"";"Siegmund Lubin";"";"";"USA";NA;" Black and White";NA
"tt0237927";"Winding the Maypole";"1898";NA;"NA";"3.3";"11";"";"";"";"";"";"";"USA";NA;" Black and White";NA
"tt0317652";"Highland Cross Sword Dance";"1898";NA;"NA";"3.4";"8";"";"";"";"";"";"";"UK";NA;" Black and White";NA
"tt0229710";"See-Saw Scene";"1898";NA;"NA";"2.7";"11";"";"";"";"";"";"";"USA";NA;" Black and White";NA
"tt0240795";"Pea-Hulling Machine";"1898";NA;"NA";"3.3";"9";"";"";"";"";"";"";"USA";NA;" Black and White";NA
"tt0229399";"Freedom of Cuba";"1898";NA;"NA";"3.1";"8";"Edward Amet";"";"";"";"";"";"USA";NA;" Black and White";NA
"tt0317653";"Highland Fling";"1898";NA;"NA";"3.1";"7";"";"";"";"";"";"";"UK";NA;" Black and White";NA
"tt0237889";"A Very Laughable Mixup";"1898";NA;"NA";"3.4";"10";"";"";"";"";"";"";"USA";NA;" Black and White";NA
"tt0229778";"Thrilling War Scene";"1898";NA;"NA";"2.7";"7";"";"";"";"";"";"";"USA";NA;" Black and White";NA
"tt0237775";"The Startled Lover";"1898";NA;"NA";"3.0";"10";"";"";"";"";"";"";"USA";NA;" Black and White";"lover"
