"title";"year";"duration";"genres";"rating";"votes";"DirectedBy";"Cast";"Writing";"ProducedBy";"MusicBy";"CinematographyBy";"production_countries";"language";"color";"keywords"
"The Wrestlers";"1899";NA;"NA";"3.4";"14";"Harishchandra Sakharam Bhatavdekar";"";"";"";"";"";"India";NA;" Black and White";NA
"Jeffries-Sharkey Contest";"1899";"135";"News,Sport";"3.8";"30";"";"James J. Jeffries,Sailor Sharkey,NA,William A. Brady,William Barclay 'Bat' Masterson";"";"Herman Casler,Elias Koopman,Harry Marvin";"";"";"USA";NA;" Black and White";"boxing"
"Around the Big Curves on the Manhattan Elevated R.R.";"1899";NA;"NA";"4.9";"19";"";"";"";"";"";"";"USA";NA;" Black and White";NA
"Battle of Jeffries and Sharkey for Championship of the World";"1899";NA;"News,Sport";"3.2";"29";"";"James J. Jeffries,Sailor Sharkey";"";"";"";"G.W. Bitzer";"USA";NA;" Black and White";"boxing"
"His Masterpiece";"1899";NA;"NA";"3.2";"11";"";"";"";"";"";"Frederick S. Armitage";"USA";NA;" Black and White";NA
"Sharkey-McCoy Fight Reproduced in 10 Rounds";"1899";NA;"News,Sport";"2.8";"18";"";"";"";"Siegmund Lubin";"";"";"USA";NA;" Black and White";"boxing"
"Reproduction of the Corbett and Jeffries Fight";"1899";NA;"News,Sport";"3.8";"22";"";"";"";"Siegmund Lubin";"";"";"USA";NA;" Black and White";"boxing"
"Lady Contortionist";"1899";NA;"NA";"3.5";"11";"";"Mlle. De La Roy";"";"Siegmund Lubin";"";"";"USA";NA;" Black and White";NA
