"Id";"Title";"Year";"Duration";"Genres";"Directedby";"Cast";"Writing";"Producedby";"Musicby";"Cinematographyby";"Production_countries";"Language";"Color";"Keywords";"Overall_Rating";"Votes";"Males";"Females";"Aged_under_18";"Males_under_18";"Females_under_18";"Aged_18.29";"Males_Aged_18.29";"Females_Aged_18.29";"Aged_30.44";"Males_Aged_30.44";"Females_Aged_30.44";"Aged_45.";"Males_Aged_45.";"Females_Aged_45.";"IMDb_staff";"Top_1000_voters";"US_users";"Non.US_users";"Vote_10";"Vote_9";"Vote_8";"Vote_7";"Vote_6";"Vote_5";"Vote_4";"Vote_3";"Vote_2";"Vote_1"
"tt0138538";"Josephina Ruiz";1898;NA;NA;"";"";NA;"";NA;"";"Portugal";NA;" Black and White";NA;3;6;3;-1;-1;-1;-1;3.5;3.5;-1;1;1;-1;-1;-1;-1;-1;3.7;5;2.6;0;0;0;0;0;2;1;0;1;2
"tt0219574";"Can Can";1898;NA;NA;"";"Mlle. Fraidora";NA;"Siegmund Lubin";NA;"";"USA";NA;" Black and White";"dancer,dancing,dance,cancan dance,repetition in title";5.2;14;4.3;7;-1;-1;-1;3.4;3.4;-1;4;4;-1;6.2;6;7;-1;4.7;6.2;3.3;1;0;0;3;3;4;0;0;1;2
"tt0221384";"Masked Procession";1898;NA;NA;"James H. White";"";NA;"";NA;"W. Bleckyrden";"USA";NA;" Black and White";NA;3;13;3.3;1;-1;-1;-1;3.3;3.3;-1;2.5;2.9;1;5;5;-1;-1;4.3;3.6;2.7;0;0;0;0;0;4;1;3;1;4
"tt0221654";"Torpedo Boat, 'Dupont'";1898;NA;NA;"";"";NA;"";NA;"Frederick S. Armitage";"USA";NA;" Black and White";NA;3.3;15;3.5;2;-1;-1;-1;3.3;3.3;-1;2.9;3.1;2;5;5;-1;-1;4.6;3.9;3.1;0;0;0;0;0;6;1;2;3;3
"tt0229265";"Bombardment of Matanzas";1898;NA;NA;"Edward Amet";"";NA;"";NA;"";"USA";NA;" Black and White";NA;2.9;8;3;-1;-1;-1;-1;3.2;3.2;-1;2.5;2.5;-1;-1;-1;-1;-1;3.8;5;2.6;0;0;0;0;0;2;1;1;2;2
"tt0229287";"Cake Walk";1898;NA;NA;"";"";NA;"Siegmund Lubin";NA;"";"USA";NA;" Black and White";NA;3.7;29;3.4;4.5;-1;-1;-1;3.6;3.6;-1;3.4;3.3;4;3.8;3.3;5;-1;3.5;3.7;3.4;0;0;0;1;1;8;9;2;3;5
"tt0229389";"Firing Broadside at Cabanas";1898;NA;NA;"";"";NA;"";NA;"";"USA";NA;" Black and White";NA;4.1;8;3.4;-1;-1;-1;-1;3.5;3.5;-1;1;1;-1;7.5;7.5;-1;-1;4;5;2.7;1;0;0;0;0;3;1;0;1;2
"tt0229390";"First Regiment Marching";1898;NA;NA;"";"";NA;"";NA;"";"USA";NA;" Black and White";NA;3.6;10;3.6;-1;-1;-1;-1;3.5;3.5;-1;3.5;3.5;-1;5;5;-1;-1;4.1;4.5;3;0;0;0;0;1;4;1;0;2;2
"tt0229399";"Freedom of Cuba";1898;NA;NA;"Edward Amet";"";NA;"";NA;"";"USA";NA;" Black and White";NA;3.1;8;3.3;-1;-1;-1;-1;3.4;3.4;-1;3;3;-1;-1;-1;-1;-1;3.7;5;3;0;0;0;0;0;3;1;0;2;2
"tt0229690";"S.S. 'Coptic'";1898;NA;NA;"";"";NA;"";NA;"W. Bleckyrden,James H. White";"USA";NA;" Black and White";NA;3.4;21;3.7;3;-1;-1;-1;3.9;3.9;4;2.9;3.3;1;4.5;5;4;-1;3.8;3.4;3.8;0;0;0;0;3;3;6;1;4;4
"tt0229710";"See-Saw Scene";1898;NA;NA;"";"";NA;"";NA;"";"USA";NA;" Black and White";NA;2.7;11;2.9;-1;-1;-1;-1;2.8;2.8;-1;2.3;2.3;-1;4;4;-1;-1;4.1;3.8;2.1;0;0;0;0;0;3;1;1;2;4
"tt0229764";"The Telephone";1898;NA;NA;"";"";NA;"";NA;"";"USA";NA;" Black and White";NA;3.2;12;3.6;-1;-1;-1;-1;3.5;3.5;-1;2.7;2.7;-1;5;5;-1;-1;4.3;4.2;3;0;0;0;0;0;4;2;2;1;3
"tt0229778";"Thrilling War Scene";1898;NA;NA;"";"";NA;"";NA;"";"USA";NA;" Black and White";NA;2.7;7;2.7;-1;-1;-1;-1;3;3;-1;1;1;-1;-1;-1;-1;-1;3.2;3.5;2.3;0;0;0;0;0;2;0;1;2;2
"tt0237775";"The Startled Lover";1898;NA;NA;"";"";NA;"";NA;"";"USA";NA;" Black and White";"lover";3;10;3.2;-1;-1;-1;-1;3.5;3.5;-1;2;2;-1;5;5;-1;-1;4.1;3.8;2.6;0;0;0;0;0;3;2;0;2;3
"tt0237861";"Tub Race";1898;NA;NA;"";"";NA;"";NA;"";"USA";NA;" Black and White";NA;3.2;10;3.3;-1;-1;-1;-1;3.2;3.2;-1;2.5;2.5;-1;5;5;-1;-1;3.8;4;2.6;0;0;0;0;0;3;2;1;2;2
"tt0237889";"A Very Laughable Mixup";1898;NA;NA;"";"";NA;"";NA;"";"USA";NA;" Black and White";NA;3.4;10;3.5;-1;-1;-1;-1;3.5;3.5;-1;3;3;-1;5;5;-1;-1;4.1;4.7;2.8;0;0;0;0;0;3;3;1;1;2
"tt0237927";"Winding the Maypole";1898;NA;NA;"";"";NA;"";NA;"";"USA";NA;" Black and White";NA;3.3;11;3.5;4;-1;-1;-1;3.5;3.5;-1;3;2.5;4;5;5;-1;-1;4.1;4.7;2.8;0;0;0;0;0;3;4;0;1;3
"tt0240795";"Pea-Hulling Machine";1898;NA;NA;"";"";NA;"";NA;"";"USA";NA;" Black and White";NA;3.3;9;3.5;-1;-1;-1;-1;3.5;3.5;-1;2.5;2.5;-1;5;5;-1;-1;4.1;4.7;2.6;0;0;0;0;0;3;2;1;1;2
"tt0274162";"The Three Macs";1898;NA;NA;"";"";NA;"";NA;"";"UK";NA;" Black and White";NA;3;6;3;-1;-1;-1;-1;3.5;3.5;-1;1;1;-1;-1;-1;-1;-1;3.7;5;2.6;0;0;0;0;0;2;1;0;1;2
"tt0317652";"Highland Cross Sword Dance";1898;NA;NA;"";"";NA;"";NA;"";"UK";NA;" Black and White";NA;3.4;8;3.4;4;-1;-1;-1;3.5;3.5;-1;2.5;1;4;5;5;-1;-1;4;5;2.8;0;0;0;0;0;3;2;0;1;2
"tt0317653";"Highland Fling";1898;NA;NA;"";"";NA;"";NA;"";"UK";NA;" Black and White";NA;3.1;7;3;4;-1;-1;-1;3.5;3.5;-1;2.5;1;4;-1;-1;-1;-1;3.7;5;2.8;0;0;0;0;0;2;2;0;1;2
"tt0317654";"The Highland Fling";1898;NA;NA;"";"";NA;"";NA;"";"UK";NA;" Black and White";NA;3.1;7;3;4;-1;-1;-1;3.5;3.5;-1;2.5;1;4;-1;-1;-1;-1;3.7;5;2.8;0;0;0;0;0;2;2;0;1;2
