"Id";"Title";"Year";"Duration";"Genres";"Directedby";"Cast";"Writing";"Producedby";"Musicby";"Cinematographyby";"Production_countries";"Language";"Color";"Keywords";"Overall_Rating";"Votes";"Males";"Females";"Aged_under_18";"Males_under_18";"Females_under_18";"Aged_18.29";"Males_Aged_18.29";"Females_Aged_18.29";"Aged_30.44";"Males_Aged_30.44";"Females_Aged_30.44";"Aged_45.";"Males_Aged_45.";"Females_Aged_45.";"IMDb_staff";"Top_1000_voters";"US_users";"Non.US_users";"Vote_10";"Vote_9";"Vote_8";"Vote_7";"Vote_6";"Vote_5";"Vote_4";"Vote_3";"Vote_2";"Vote_1"
"tt0156186";"The Wrestlers";1899;NA;NA;"Harishchandra Sakharam Bhatavdekar";"";NA;"";NA;"";"India";NA;" Black and White";NA;3.4;14;3.4;4;-1;-1;-1;3.5;3.5;4;3;3;-1;5;5;-1;-1;4.2;4.5;3;0;0;0;0;1;3;4;2;1;3
"tt0230366";"Jeffries-Sharkey Contest";1899;135;"News,Sport";"";"James J. Jeffries,Sailor Sharkey,NA,William A. Brady,William Barclay 'Bat' Masterson";NA;"Herman Casler,Elias Koopman,Harry Marvin";NA;"";"USA";NA;" Black and White";"boxing";3.8;30;3.6;3;-1;-1;-1;3.2;3.2;3;3.4;3.5;3;5.4;5.4;-1;-1;3.4;4;3.4;1;0;0;0;2;5;12;3;2;5
"tt0230765";"Sharkey-McCoy Fight Reproduced in 10 Rounds";1899;NA;"News,Sport";"";"";NA;"Siegmund Lubin";NA;"";"USA";NA;" Black and White";"boxing";2.8;18;3;1.5;-1;-1;-1;3;3.1;2;2.2;2.5;1;4;4;-1;-1;2.9;3;2.6;0;0;0;0;0;2;4;4;4;4
"tt0233299";"Battle of Jeffries and Sharkey for Championship of the World";1899;NA;"News,Sport";"";"James J. Jeffries,Sailor Sharkey";NA;"";NA;"G.W. Bitzer";"USA";NA;" Black and White";"boxing";3.2;29;3.4;1.5;-1;-1;-1;3.1;3.2;2;2.7;3.1;1;4.7;4.7;-1;-1;3.1;3.3;3.2;0;0;0;0;0;8;7;3;6;5
"tt0242282";"Around the Big Curves on the Manhattan Elevated R.R.";1899;NA;NA;"";"";NA;"";NA;"";"USA";NA;" Black and White";NA;4.9;19;4.6;3;-1;-1;-1;3.5;3.6;3;4.5;4.5;-1;6.4;6.4;-1;-1;4.9;4.8;4.1;1;0;0;2;6;3;2;2;1;2
"tt0242588";"Lady Contortionist";1899;NA;NA;"";"Mlle. De La Roy";NA;"Siegmund Lubin";NA;"";"USA";NA;" Black and White";NA;3.5;11;3.7;2;-1;-1;-1;3;3.3;2;4;4;-1;4.5;4.5;-1;-1;4.8;4;3.2;0;0;1;0;0;3;1;2;2;2
"tt0254382";"His Masterpiece";1899;NA;NA;"";"";NA;"";NA;"Frederick S. Armitage";"USA";NA;" Black and White";NA;3.2;11;3.5;1;-1;-1;-1;2.8;3.3;1;2.5;2.5;-1;5;5;-1;-1;4.1;4.1;2.3;0;0;0;0;0;4;1;2;1;3
"tt0263933";"Reproduction of the Corbett and Jeffries Fight";1899;NA;"News,Sport";"";"";NA;"Siegmund Lubin";NA;"";"USA";NA;" Black and White";"boxing";3.8;22;3.4;1;-1;-1;-1;2.9;3.1;1;2.3;2.5;1;5.7;5.7;-1;-1;3.4;3.4;3.1;2;0;0;1;0;4;6;1;2;6
